Accuracy_mean,Accuracy_ci_low,Accuracy_ci_high,F1_mean,F1_ci_low,F1_ci_high,ROC_AUC_mean,ROC_AUC_ci_low,ROC_AUC_ci_high,Precision_mean,Precision_ci_low,Precision_ci_high,Recall_mean,Recall_ci_low,Recall_ci_high
0.7453775582215949,0.742538664612991,0.7482164518301988,0.6086752258705503,0.6046301775640536,0.6127202741770471,0.7954200813644002,0.7930328232685295,0.7978073394602709,0.6836274861515136,0.6777025358622223,0.6895524364408049,0.5485826001955034,0.5440173436800203,0.5531478567109865
