Accuracy_mean,Accuracy_ci_low,Accuracy_ci_high,F1_mean,F1_ci_low,F1_ci_high,ROC_AUC_mean,ROC_AUC_ci_low,ROC_AUC_ci_high,Precision_mean,Precision_ci_low,Precision_ci_high,Recall_mean,Recall_ci_low,Recall_ci_high
0.7366619618913197,0.734137626510463,0.7391862972721764,0.5754988421880081,0.5697618620985923,0.5812358222774239,0.7832978436868643,0.7807185372906748,0.7858771500830538,0.6882431764219505,0.6828125751698472,0.6936737776740539,0.4946236559139784,0.48645548024915053,0.5027918315788062
