Accuracy_mean,Accuracy_ci_low,Accuracy_ci_high,F1_mean,F1_ci_low,F1_ci_high,ROC_AUC_mean,ROC_AUC_ci_low,ROC_AUC_ci_high,Precision_mean,Precision_ci_low,Precision_ci_high,Recall_mean,Recall_ci_low,Recall_ci_high
0.7895306859205775,0.7824268109967815,0.7966345608443736,0.6861369298291504,0.6700637826204285,0.7022100770378723,0.8536553672316384,0.8469375287391104,0.8603732057241663,0.7427352892127836,0.7315166095299972,0.7539539688955701,0.639,0.6093225058323815,0.6686774941676186
