Accuracy_mean,Accuracy_ci_low,Accuracy_ci_high,F1_mean,F1_ci_low,F1_ci_high,ROC_AUC_mean,ROC_AUC_ci_low,ROC_AUC_ci_high,Precision_mean,Precision_ci_low,Precision_ci_high,Recall_mean,Recall_ci_low,Recall_ci_high
0.8111913357400722,0.7971488436589603,0.825233827821184,0.720305260479084,0.6954289299898668,0.7451815909683013,0.8798926553672317,0.8716332284284276,0.8881520823060358,0.7726248955632735,0.7548316334272536,0.7904181576992935,0.676,0.6391824703734548,0.7128175296265453
