Accuracy_mean,Accuracy_ci_low,Accuracy_ci_high,F1_mean,F1_ci_low,F1_ci_high,ROC_AUC_mean,ROC_AUC_ci_low,ROC_AUC_ci_high,Precision_mean,Precision_ci_low,Precision_ci_high,Recall_mean,Recall_ci_low,Recall_ci_high
0.9726006191950465,0.9694231737300625,0.9757780646600305,0.8939203497898326,0.8801824792381313,0.9076582203415339,0.9867936744624076,0.98355329077928,0.9900340581455352,0.9934035087719298,0.9884292680795647,0.998377749464295,0.8130434782608695,0.7911118839752261,0.8349750725465129
