Accuracy_mean,Accuracy_ci_low,Accuracy_ci_high,F1_mean,F1_ci_low,F1_ci_high,ROC_AUC_mean,ROC_AUC_ci_low,ROC_AUC_ci_high,Precision_mean,Precision_ci_low,Precision_ci_high,Recall_mean,Recall_ci_low,Recall_ci_high
0.7348623853211008,0.7324116184362776,0.7373131522059241,0.5829712995356865,0.578076693217368,0.587865905854005,0.7765994495461374,0.7742436659536162,0.7789552331386586,0.6744779661571861,0.6684219330169971,0.6805339992973751,0.5134897360703812,0.5055232665718397,0.5214562055689227
