Accuracy_mean,Accuracy_ci_low,Accuracy_ci_high,F1_mean,F1_ci_low,F1_ci_high,ROC_AUC_mean,ROC_AUC_ci_low,ROC_AUC_ci_high,Precision_mean,Precision_ci_low,Precision_ci_high,Recall_mean,Recall_ci_low,Recall_ci_high
0.8252707581227436,0.8194069366346045,0.8311345796108828,0.7461019461806011,0.7353775474589976,0.7568263449022046,0.8931016949152542,0.8870873952657709,0.8991159945647375,0.7845737882810998,0.7740027649429557,0.7951448116192439,0.712,0.6909945311278366,0.7330054688721633
