Accuracy_mean,Accuracy_ci_low,Accuracy_ci_high,F1_mean,F1_ci_low,F1_ci_high,ROC_AUC_mean,ROC_AUC_ci_low,ROC_AUC_ci_high,Precision_mean,Precision_ci_low,Precision_ci_high,Recall_mean,Recall_ci_low,Recall_ci_high
0.9687306501547989,0.9660282391779488,0.971433061131649,0.8815654012527505,0.8703994355375637,0.8927313669679373,0.9821809762988541,0.9795413832143021,0.9848205693834062,0.9558241335866852,0.9458305643764189,0.9658177027969514,0.8184782608695652,0.7997700371923151,0.8371864845468153
