Accuracy_mean,Accuracy_ci_low,Accuracy_ci_high,F1_mean,F1_ci_low,F1_ci_high,ROC_AUC_mean,ROC_AUC_ci_low,ROC_AUC_ci_high,Precision_mean,Precision_ci_low,Precision_ci_high,Recall_mean,Recall_ci_low,Recall_ci_high
0.978328173374613,0.9768516885325318,0.9798046582166942,0.9186319112256977,0.9125670970216075,0.9246967254297878,0.984817924972532,0.9819446673280043,0.9876911826170596,0.9863217880992794,0.9836991878423536,0.9889443883562052,0.8597826086956522,0.8485146669210158,0.8710505504702885
