Model Subfolder,Task,Embedding Type,Variant,CI_Mode,CI_Alpha,Accuracy_mean,Accuracy_ci_low,Accuracy_ci_high,Precision_mean,Precision_ci_low,Precision_ci_high,Recall_mean,Recall_ci_low,Recall_ci_high,F1_mean,F1_ci_low,F1_ci_high,ROC_AUC_mean,ROC_AUC_ci_low,ROC_AUC_ci_high
esm2_t12_35M_UR50D,EV,ESM2,original,normal,0.05,0.709774170783345,0.7001092534832551,0.7194390880834349,0.5873980573115236,0.5663935301134402,0.608402584509607,0.6769305962854351,0.6447551437142091,0.7091060488566611,0.6271221995274543,0.6214543732931348,0.6327900257617738,0.7790928468525947,0.776216843684645,0.7819688500205444
