Model Subfolder,Task,Embedding Type,Variant,CI_Mode,CI_Alpha,Accuracy_mean,Accuracy_ci_low,Accuracy_ci_high,Precision_mean,Precision_ci_low,Precision_ci_high,Recall_mean,Recall_ci_low,Recall_ci_high,F1_mean,F1_ci_low,F1_ci_high,ROC_AUC_mean,ROC_AUC_ci_low,ROC_AUC_ci_high
esm2_t12_35M_UR50D,AGG,Partitioned,adapted,normal,0.05,0.8075812274368233,0.7913823576741467,0.8237800971994999,0.6961567423844128,0.6662377886066082,0.7260756961622175,0.8380000000000001,0.8254727408862435,0.8505272591137567,0.7594151880146429,0.746694237556083,0.7721361384732028,0.8805988700564971,0.8799772043968379,0.8812205357161562
