Model Subfolder,Task,Embedding Type,Variant,CI_Mode,CI_Alpha,Accuracy_mean,Accuracy_ci_low,Accuracy_ci_high,Precision_mean,Precision_ci_low,Precision_ci_high,Recall_mean,Recall_ci_low,Recall_ci_high,F1_mean,F1_ci_low,F1_ci_high,ROC_AUC_mean,ROC_AUC_ci_low,ROC_AUC_ci_high
esm2_t12_35M_UR50D,TM,ESM2,original,normal,0.05,0.9845201238390094,0.9834760913948547,0.9855641562831642,0.9395601129884168,0.9260116775386672,0.9531085484381664,0.9532608695652174,0.9428610302284212,0.9636607089020136,0.9461048506501332,0.9429551523653914,0.9492545489348749,0.9942032255532883,0.9936736126314574,0.9947328384751193
