Model Subfolder,Task,Embedding Type,Variant,CI_Mode,CI_Alpha,Accuracy_mean,Accuracy_ci_low,Accuracy_ci_high,Precision_mean,Precision_ci_low,Precision_ci_high,Recall_mean,Recall_ci_low,Recall_ci_high,F1_mean,F1_ci_low,F1_ci_high,ROC_AUC_mean,ROC_AUC_ci_low,ROC_AUC_ci_high
esm2_t33_650M_UR50D,EV,Partitioned,adapted,normal,0.05,0.6984121383203952,0.6820972305570833,0.7147270460837071,0.5633705219046092,0.5376192453749313,0.5891217984342871,0.7793743890518084,0.7329675166347341,0.8257812614688828,0.6508036106696026,0.6446838780608516,0.6569233432783536,0.7960683409143536,0.7922875962732372,0.7998490855554701
