Model Subfolder,Task,Embedding Type,Variant,CI_Mode,CI_Alpha,Accuracy_mean,Accuracy_ci_low,Accuracy_ci_high,Precision_mean,Precision_ci_low,Precision_ci_high,Recall_mean,Recall_ci_low,Recall_ci_high,F1_mean,F1_ci_low,F1_ci_high,ROC_AUC_mean,ROC_AUC_ci_low,ROC_AUC_ci_high
esm2_t33_650M_UR50D,AGG,Informed,informed,normal,0.05,0.8010830324909748,0.7867584085889532,0.8154076563929964,0.6853685178961803,0.6620766725807099,0.7086603632116506,0.836,0.8283101443225288,0.8436898556774711,0.7526256613215548,0.7410147218062431,0.7642366008368666,0.869367231638418,0.8683983232836076,0.8703361399932285
