Model Subfolder,Task,Embedding Type,Variant,CI_Mode,CI_Alpha,Accuracy_mean,Accuracy_ci_low,Accuracy_ci_high,Precision_mean,Precision_ci_low,Precision_ci_high,Recall_mean,Recall_ci_low,Recall_ci_high,F1_mean,F1_ci_low,F1_ci_high,ROC_AUC_mean,ROC_AUC_ci_low,ROC_AUC_ci_high
esm2_t33_650M_UR50D,AGG,Baseline,baseline,normal,0.05,0.7935018050541516,0.7864240570115274,0.8005795530967758,0.6782403932425339,0.6632944845739028,0.693186301911165,0.8180000000000002,0.8008712224111415,0.8351287775888588,0.7410278952678723,0.7369035736658693,0.7451522168698752,0.8750367231638417,0.873925515455111,0.8761479308725725
