Model Subfolder,Task,Embedding Type,Variant,CI_Mode,CI_Alpha,Accuracy_mean,Accuracy_ci_low,Accuracy_ci_high,Precision_mean,Precision_ci_low,Precision_ci_high,Recall_mean,Recall_ci_low,Recall_ci_high,F1_mean,F1_ci_low,F1_ci_high,ROC_AUC_mean,ROC_AUC_ci_low,ROC_AUC_ci_high
esm2_t12_35M_UR50D,EV,Partitioned,adapted,normal,0.05,0.694954128440367,0.6822709024861764,0.7076373543945575,0.5686597058560415,0.5343538179203101,0.602965593791773,0.7215053763440861,0.6454465698646824,0.7975641828234897,0.6277200772772278,0.6049060117774632,0.6505341427769924,0.7786213878152034,0.7763252957132584,0.7809174799171484
