Model Subfolder,Task,Embedding Type,Variant,CI_Mode,CI_Alpha,Accuracy_mean,Accuracy_ci_low,Accuracy_ci_high,Precision_mean,Precision_ci_low,Precision_ci_high,Recall_mean,Recall_ci_low,Recall_ci_high,F1_mean,F1_ci_low,F1_ci_high,ROC_AUC_mean,ROC_AUC_ci_low,ROC_AUC_ci_high
esm2_t33_650M_UR50D,EV,Baseline,baseline,normal,0.05,0.6570571630204658,0.6380194391653624,0.6760948868755692,0.5237853200491498,0.4999529350810139,0.5476177050172857,0.6912023460410557,0.6368481460188025,0.7455565460633089,0.591961424095038,0.5854945609092145,0.5984282872808616,0.7239788562672017,0.7216166166293734,0.72634109590503
