Model Subfolder,Task,Embedding Type,Variant,CI_Mode,CI_Alpha,Accuracy_mean,Accuracy_ci_low,Accuracy_ci_high,Precision_mean,Precision_ci_low,Precision_ci_high,Recall_mean,Recall_ci_low,Recall_ci_high,F1_mean,F1_ci_low,F1_ci_high,ROC_AUC_mean,ROC_AUC_ci_low,ROC_AUC_ci_high
esm2_t12_35M_UR50D,AGG,ESM2,original,normal,0.05,0.8148014440433213,0.8032488740945914,0.8263540139920512,0.7107202881705921,0.6880311385410031,0.7334094378001811,0.826,0.8147143772554178,0.8372856227445821,0.7633946213526146,0.7538094134335566,0.7729798292716726,0.8847881355932203,0.8829793065988966,0.8865969645875441
