Model Subfolder,Task,Embedding Type,Variant,CI_Mode,CI_Alpha,Accuracy_mean,Accuracy_ci_low,Accuracy_ci_high,Precision_mean,Precision_ci_low,Precision_ci_high,Recall_mean,Recall_ci_low,Recall_ci_high,F1_mean,F1_ci_low,F1_ci_high,ROC_AUC_mean,ROC_AUC_ci_low,ROC_AUC_ci_high
esm2_t12_35M_UR50D,TM,Partitioned,adapted,normal,0.05,0.9826625386996903,0.9763162296655079,0.9890088477338728,0.9333586589011258,0.8931286028389307,0.9735887149633209,0.951086956521739,0.9341900128184871,0.9679839002249909,0.9407521676014639,0.9222254928715449,0.9592788423313828,0.99597002040496,0.9950726633535555,0.9968673774563644
