Model Subfolder,Task,Embedding Type,Variant,CI_Mode,CI_Alpha,Accuracy_mean,Accuracy_ci_low,Accuracy_ci_high,Precision_mean,Precision_ci_low,Precision_ci_high,Recall_mean,Recall_ci_low,Recall_ci_high,F1_mean,F1_ci_low,F1_ci_high,ROC_AUC_mean,ROC_AUC_ci_low,ROC_AUC_ci_high
esm2_t33_650M_UR50D,TM,ESM2,original,normal,0.05,0.9896284829721361,0.9842527296040331,0.9950042363402392,0.9570560213556257,0.9222220761714125,0.991889966539839,0.9739130434782608,0.9655545046984009,0.9822715822581207,0.9646177061190958,0.9478988327059735,0.9813365795322181,0.9929838329932504,0.9916152111370077,0.9943524548494932
