Model Subfolder,Task,Embedding Type,Variant,CI_Mode,CI_Alpha,Accuracy_mean,Accuracy_ci_low,Accuracy_ci_high,Precision_mean,Precision_ci_low,Precision_ci_high,Recall_mean,Recall_ci_low,Recall_ci_high,F1_mean,F1_ci_low,F1_ci_high,ROC_AUC_mean,ROC_AUC_ci_low,ROC_AUC_ci_high
esm2_t12_35M_UR50D,EV,Baseline,baseline,normal,0.05,0.6460479887085392,0.6187593104094311,0.6733366670076473,0.5198022130400982,0.4844979316569799,0.5551064944232166,0.6746823069403715,0.5736788557761205,0.7756857581046224,0.5743087459364082,0.5450812531498965,0.60353623872292,0.7169966259196946,0.7148698671871996,0.7191233846521896
