Model Subfolder,Task,Embedding Type,Variant,CI_Mode,CI_Alpha,Accuracy_mean,Accuracy_ci_low,Accuracy_ci_high,Precision_mean,Precision_ci_low,Precision_ci_high,Recall_mean,Recall_ci_low,Recall_ci_high,F1_mean,F1_ci_low,F1_ci_high,ROC_AUC_mean,ROC_AUC_ci_low,ROC_AUC_ci_high
esm2_t12_35M_UR50D,TM,Baseline,baseline,normal,0.05,0.9653250773993808,0.9628107143154573,0.9678394404833043,0.8707961335210419,0.8454875160029793,0.8961047510391045,0.8913043478260869,0.8715652322981159,0.911043463354058,0.8799888419828491,0.8732547884076617,0.8867228955580365,0.9831198006592372,0.9813103448276861,0.9849292564907883
