Model Subfolder,Task,Embedding Type,Variant,CI_Mode,CI_Alpha,Accuracy_mean,Accuracy_ci_low,Accuracy_ci_high,Precision_mean,Precision_ci_low,Precision_ci_high,Recall_mean,Recall_ci_low,Recall_ci_high,F1_mean,F1_ci_low,F1_ci_high,ROC_AUC_mean,ROC_AUC_ci_low,ROC_AUC_ci_high
esm2_t33_650M_UR50D,TM,Baseline,baseline,normal,0.05,0.9592879256965945,0.957901876779857,0.9606739746133319,0.8364229569258882,0.8296156219588522,0.8432302918929242,0.8880434782608695,0.87480207701999,0.901284879501749,0.8613055476671168,0.8559678475468657,0.8666432477873678,0.9789475749489878,0.977537669807883,0.9803574800900925
