Model Subfolder,Task,Embedding Type,Variant,CI_Mode,CI_Alpha,Accuracy_mean,Accuracy_ci_low,Accuracy_ci_high,Precision_mean,Precision_ci_low,Precision_ci_high,Recall_mean,Recall_ci_low,Recall_ci_high,F1_mean,F1_ci_low,F1_ci_high,ROC_AUC_mean,ROC_AUC_ci_low,ROC_AUC_ci_high
esm2_t33_650M_UR50D,EV,ESM2,original,normal,0.05,0.7188426252646435,0.7055087570069022,0.7321764935223848,0.6002171845368796,0.5754897819033487,0.6249445871704105,0.6887585532746824,0.6429299534200273,0.7345871531293374,0.6382895729017171,0.6301817453228429,0.6463974004805912,0.792523100656194,0.7907540681811903,0.7942921331311977
