Model Subfolder,Task,Embedding Type,Variant,CI_Mode,CI_Alpha,Accuracy_mean,Accuracy_ci_low,Accuracy_ci_high,Precision_mean,Precision_ci_low,Precision_ci_high,Recall_mean,Recall_ci_low,Recall_ci_high,F1_mean,F1_ci_low,F1_ci_high,ROC_AUC_mean,ROC_AUC_ci_low,ROC_AUC_ci_high
esm2_t12_35M_UR50D,EV,Informed,informed,normal,0.05,0.6449541284403669,0.6139194595720618,0.675988797308672,0.5203023410410795,0.48165313687808814,0.5589515452040709,0.683088954056696,0.5795844904924728,0.7865934176209192,0.5769541961592111,0.5505530184784063,0.6033553738400158,0.7254354161302737,0.7225907683737787,0.7282800638867688
