Model Subfolder,Task,Embedding Type,Variant,CI_Mode,CI_Alpha,Accuracy_mean,Accuracy_ci_low,Accuracy_ci_high,Precision_mean,Precision_ci_low,Precision_ci_high,Recall_mean,Recall_ci_low,Recall_ci_high,F1_mean,F1_ci_low,F1_ci_high,ROC_AUC_mean,ROC_AUC_ci_low,ROC_AUC_ci_high
esm2_t33_650M_UR50D,AGG,Partitioned,adapted,normal,0.05,0.8086642599277978,0.7880759942089366,0.829252525646659,0.7023676424335978,0.662633256128506,0.7421020287386897,0.8320000000000001,0.8115430715304441,0.852456928469556,0.7595878696752583,0.7437819212359688,0.7753938181145478,0.8794209039548022,0.8785300646510747,0.8803117432585297
