Model Subfolder,Task,Embedding Type,Variant,CI_Mode,CI_Alpha,Accuracy_mean,Accuracy_ci_low,Accuracy_ci_high,Precision_mean,Precision_ci_low,Precision_ci_high,Recall_mean,Recall_ci_low,Recall_ci_high,F1_mean,F1_ci_low,F1_ci_high,ROC_AUC_mean,ROC_AUC_ci_low,ROC_AUC_ci_high
esm2_t33_650M_UR50D,TM,Partitioned,adapted,normal,0.05,0.9772445820433434,0.9700103713206524,0.9844787927660344,0.8944186019197289,0.8459708656229865,0.9428663382164713,0.9608695652173914,0.9421075564066125,0.9796315740281704,0.9244633396009247,0.9031290022547412,0.9457976769471083,0.996556663004238,0.9959537208199974,0.9971596051884785
