Model Subfolder,Task,Embedding Type,Variant,CI_Mode,CI_Alpha,Accuracy_mean,Accuracy_ci_low,Accuracy_ci_high,Precision_mean,Precision_ci_low,Precision_ci_high,Recall_mean,Recall_ci_low,Recall_ci_high,F1_mean,F1_ci_low,F1_ci_high,ROC_AUC_mean,ROC_AUC_ci_low,ROC_AUC_ci_high
esm2_t12_35M_UR50D,AGG,Informed,informed,normal,0.05,0.772202166064982,0.7577744489011713,0.7866298832287928,0.6411466304592484,0.6202886336071396,0.6620046273113571,0.845,0.8372732623091237,0.8527267376908763,0.728570342477983,0.717518098149203,0.7396225868067631,0.8710141242937853,0.8700678049279357,0.871960443659635
