Model Subfolder,Task,Embedding Type,Variant,CI_Mode,CI_Alpha,Accuracy_mean,Accuracy_ci_low,Accuracy_ci_high,Precision_mean,Precision_ci_low,Precision_ci_high,Recall_mean,Recall_ci_low,Recall_ci_high,F1_mean,F1_ci_low,F1_ci_high,ROC_AUC_mean,ROC_AUC_ci_low,ROC_AUC_ci_high
esm2_t12_35M_UR50D,AGG,Baseline,baseline,normal,0.05,0.7870036101083032,0.7769645927642277,0.7970426274523787,0.6645013540135778,0.6472121346288543,0.6817905733983013,0.833,0.8182814845773493,0.8477185154226506,0.7386956580549914,0.7320897412698971,0.7453015748400856,0.87245197740113,0.8706447658019506,0.8742591890003094
