Model Subfolder,Task,Embedding Type,Variant,CI_Mode,CI_Alpha,Accuracy_mean,Accuracy_ci_low,Accuracy_ci_high,Precision_mean,Precision_ci_low,Precision_ci_high,Recall_mean,Recall_ci_low,Recall_ci_high,F1_mean,F1_ci_low,F1_ci_high,ROC_AUC_mean,ROC_AUC_ci_low,ROC_AUC_ci_high
esm2_t33_650M_UR50D,TM,Informed,informed,normal,0.05,0.9715170278637771,0.9647067665379356,0.9783272891896186,0.8819347943329404,0.8379056216888118,0.9259639669770691,0.9304347826086957,0.9143735340087693,0.9464960312086221,0.9039683519917961,0.8840571661338297,0.9238795378497626,0.9904469471040652,0.9880017135356772,0.9928921806724532
