Model Subfolder,Task,Embedding Type,Variant,CI_Mode,CI_Alpha,Accuracy_mean,Accuracy_ci_low,Accuracy_ci_high,Precision_mean,Precision_ci_low,Precision_ci_high,Recall_mean,Recall_ci_low,Recall_ci_high,F1_mean,F1_ci_low,F1_ci_high,ROC_AUC_mean,ROC_AUC_ci_low,ROC_AUC_ci_high
esm2_t12_35M_UR50D,TM,Informed,informed,normal,0.05,0.9777089783281735,0.9739014791750343,0.9815164774813127,0.9127578831686554,0.8819272321823285,0.9435885341549822,0.9358695652173912,0.9234664312878993,0.9482726991468831,0.923282944064565,0.9122892482780361,0.9342766398510939,0.9950969235598807,0.9937914843146513,0.9964023628051101
