Model Subfolder,Task,Embedding Type,Variant,CI_Mode,CI_Alpha,Accuracy_mean,Accuracy_ci_low,Accuracy_ci_high,Precision_mean,Precision_ci_low,Precision_ci_high,Recall_mean,Recall_ci_low,Recall_ci_high,F1_mean,F1_ci_low,F1_ci_high,ROC_AUC_mean,ROC_AUC_ci_low,ROC_AUC_ci_high
esm2_t33_650M_UR50D,AGG,ESM2,original,normal,0.05,0.8198555956678701,0.8124054861119864,0.8273057052237539,0.7203352566928642,0.7021803030054969,0.7384902103802315,0.8230000000000001,0.8036133732391865,0.8423866267608137,0.7674837129440881,0.7629409251186751,0.7720265007695012,0.8899350282485875,0.8886741274323541,0.8911959290648209
