Model Subfolder,Task,Embedding Type,Variant,CI_Mode,CI_Alpha,Accuracy_mean,Accuracy_ci_low,Accuracy_ci_high,Precision_mean,Precision_ci_low,Precision_ci_high,Recall_mean,Recall_ci_low,Recall_ci_high,F1_mean,F1_ci_low,F1_ci_high,ROC_AUC_mean,ROC_AUC_ci_low,ROC_AUC_ci_high
esm2_t33_650M_UR50D,EV,Informed,informed,normal,0.05,0.6460479887085392,0.6251526767808683,0.6669433006362101,0.5145954674152188,0.488704794872752,0.5404861399576856,0.6871945259042034,0.6047685190704903,0.7696205327379164,0.5809313632743401,0.5640520636001936,0.5978106629484867,0.7190956968196418,0.7163077454440394,0.7218836481952442
