Model Subfolder,Task,Embedding Type,Variant,CI_Mode,CI_Alpha,Accuracy_mean,Accuracy_ci_low,Accuracy_ci_high,Precision_mean,Precision_ci_low,Precision_ci_high,Recall_mean,Recall_ci_low,Recall_ci_high,F1_mean,F1_ci_low,F1_ci_high,ROC_AUC_mean,ROC_AUC_ci_low,ROC_AUC_ci_high
prot_bert_bfd,TM,ESM2,original,normal,0.05,0.9848297213622292,0.9821782078035823,0.9874812349208761,0.9271582909184941,0.9086149579472355,0.9457016238897528,0.9706521739130434,0.963275574468954,0.9780287733571328,0.948141518581893,0.9397546607429262,0.9565283764208597,0.9967607126039869,0.996235443032578,0.9972859821753958
