Model Subfolder,Task,Embedding Type,Variant,CI_Mode,CI_Alpha,Accuracy_mean,Accuracy_ci_low,Accuracy_ci_high,Precision_mean,Precision_ci_low,Precision_ci_high,Recall_mean,Recall_ci_low,Recall_ci_high,F1_mean,F1_ci_low,F1_ci_high,ROC_AUC_mean,ROC_AUC_ci_low,ROC_AUC_ci_high
prot_bert_bfd,AGG,Informed,informed,normal,0.05,0.7841155234657041,0.7794320549410251,0.7887989919903832,0.6591897979165651,0.6519622307793929,0.6664173650537373,0.833,0.8247054237362016,0.8412945762637983,0.7358833058165486,0.731179468732573,0.7405871429005242,0.8630338983050848,0.862074023205214,0.8639937734049556
