Model Subfolder,Task,Embedding Type,Variant,CI_Mode,CI_Alpha,Accuracy_mean,Accuracy_ci_low,Accuracy_ci_high,Precision_mean,Precision_ci_low,Precision_ci_high,Recall_mean,Recall_ci_low,Recall_ci_high,F1_mean,F1_ci_low,F1_ci_high,ROC_AUC_mean,ROC_AUC_ci_low,ROC_AUC_ci_high
prot_bert_bfd,AGG,ESM2,original,normal,0.05,0.8126353790613718,0.8037349569707596,0.8215358011519841,0.7182422647193754,0.6991640568178037,0.737320472620947,0.795,0.7783937187610489,0.8116062812389512,0.7540427129868174,0.7460704350668873,0.7620149909067474,0.8737062146892656,0.871722396088473,0.8756900332900581
