Model Subfolder,Task,Embedding Type,Variant,CI_Mode,CI_Alpha,Accuracy_mean,Accuracy_ci_low,Accuracy_ci_high,Precision_mean,Precision_ci_low,Precision_ci_high,Recall_mean,Recall_ci_low,Recall_ci_high,F1_mean,F1_ci_low,F1_ci_high,ROC_AUC_mean,ROC_AUC_ci_low,ROC_AUC_ci_high
prot_bert_bfd,AGG,Baseline,baseline,normal,0.05,0.7772563176895306,0.7716708081448809,0.7828418272341804,0.6552692286049161,0.6471057844103495,0.6634326727994827,0.8089999999999999,0.7971012540234341,0.8208987459765658,0.7239309900099598,0.7176125276431028,0.7302494523768167,0.8547542372881356,0.8535222394362599,0.8559862351400113
