Model Subfolder,Task,Embedding Type,Variant,CI_Mode,CI_Alpha,Accuracy_mean,Accuracy_ci_low,Accuracy_ci_high,Precision_mean,Precision_ci_low,Precision_ci_high,Recall_mean,Recall_ci_low,Recall_ci_high,F1_mean,F1_ci_low,F1_ci_high,ROC_AUC_mean,ROC_AUC_ci_low,ROC_AUC_ci_high
prot_bert_bfd,TM,Partitioned,adapted,normal,0.05,0.9851393188854489,0.9819129376681288,0.988365700102769,0.9277023614873545,0.9051251617353271,0.950279561239382,0.9728260869565218,0.9629565291925363,0.9826956447205074,0.9493264683649552,0.9390321345826291,0.9596208021472812,0.9976338094490661,0.997020271207871,0.9982473476902612
