Model Subfolder,Task,Embedding Type,Variant,CI_Mode,CI_Alpha,Accuracy_mean,Accuracy_ci_low,Accuracy_ci_high,Precision_mean,Precision_ci_low,Precision_ci_high,Recall_mean,Recall_ci_low,Recall_ci_high,F1_mean,F1_ci_low,F1_ci_high,ROC_AUC_mean,ROC_AUC_ci_low,ROC_AUC_ci_high
prot_bert_bfd,TM,Informed,informed,normal,0.05,0.9772445820433436,0.9750267809032906,0.9794623831833966,0.9186503801372362,0.8956512639239413,0.9416494963505311,0.923913043478261,0.9055857348118486,0.9422403521446734,0.9205199758337168,0.9136942122379706,0.927345739429463,0.9915554857950086,0.9898865505820656,0.9932244210079516
