Model Subfolder,Task,Embedding Type,Variant,CI_Mode,CI_Alpha,Accuracy_mean,Accuracy_ci_low,Accuracy_ci_high,Precision_mean,Precision_ci_low,Precision_ci_high,Recall_mean,Recall_ci_low,Recall_ci_high,F1_mean,F1_ci_low,F1_ci_high,ROC_AUC_mean,ROC_AUC_ci_low,ROC_AUC_ci_high
prot_bert_bfd,EV,Partitioned,adapted,normal,0.05,0.715349329569513,0.7059203728550336,0.7247782862839924,0.5972065281962763,0.5694880679937782,0.6249249883987744,0.6845552297165202,0.6261203758747305,0.7429900835583099,0.63281552657696,0.6164539382859787,0.6491771148679414,0.7850609909141107,0.7827320770862234,0.7873899047419981
