Model Subfolder,Task,Embedding Type,Variant,CI_Mode,CI_Alpha,Accuracy_mean,Accuracy_ci_low,Accuracy_ci_high,Precision_mean,Precision_ci_low,Precision_ci_high,Recall_mean,Recall_ci_low,Recall_ci_high,F1_mean,F1_ci_low,F1_ci_high,ROC_AUC_mean,ROC_AUC_ci_low,ROC_AUC_ci_high
prot_bert_bfd,EV,Baseline,baseline,normal,0.05,0.6473535638673253,0.6181566277365809,0.6765504999980698,0.5188035022154038,0.4865800749289056,0.551026929501902,0.670674486803519,0.5925945347116832,0.7487544388953549,0.5769568508738562,0.5643131501017751,0.5896005516459373,0.7157521942857082,0.7131865650449561,0.7183178235264603
