Model Subfolder,Task,Embedding Type,Variant,CI_Mode,CI_Alpha,Accuracy_mean,Accuracy_ci_low,Accuracy_ci_high,Precision_mean,Precision_ci_low,Precision_ci_high,Recall_mean,Recall_ci_low,Recall_ci_high,F1_mean,F1_ci_low,F1_ci_high,ROC_AUC_mean,ROC_AUC_ci_low,ROC_AUC_ci_high
prot_bert_bfd,EV,Informed,informed,normal,0.05,0.6687367678193368,0.6501105563667468,0.6873629792719268,0.5381924486310038,0.5135028827671632,0.5628820144948444,0.6752688172043012,0.6152698553364294,0.735267779072173,0.5942646997972547,0.5833685691276144,0.6051608304668951,0.7394787636972493,0.7359104072557329,0.7430471201387657
