Model Subfolder,Task,Embedding Type,Variant,CI_Mode,CI_Alpha,Accuracy_mean,Accuracy_ci_low,Accuracy_ci_high,Precision_mean,Precision_ci_low,Precision_ci_high,Recall_mean,Recall_ci_low,Recall_ci_high,F1_mean,F1_ci_low,F1_ci_high,ROC_AUC_mean,ROC_AUC_ci_low,ROC_AUC_ci_high
prot_bert_bfd,EV,ESM2,original,normal,0.05,0.7273465067043048,0.7119247737388158,0.7427682396697938,0.6240028961146662,0.5856770685411304,0.662328723688202,0.660117302052786,0.5968133613193469,0.723421242786225,0.6346376969379374,0.6217623272200508,0.647513066655824,0.7954353837442846,0.7918590124448759,0.7990117550436933
