Model Subfolder,Task,Embedding Type,Variant,CI_Mode,CI_Alpha,Accuracy_mean,Accuracy_ci_low,Accuracy_ci_high,Precision_mean,Precision_ci_low,Precision_ci_high,Recall_mean,Recall_ci_low,Recall_ci_high,F1_mean,F1_ci_low,F1_ci_high,ROC_AUC_mean,ROC_AUC_ci_low,ROC_AUC_ci_high
prot_bert_bfd,AGG,Partitioned,adapted,normal,0.05,0.8083032490974729,0.7934204469631506,0.8231860512317951,0.7032603584077228,0.6728828621760522,0.7336378546393935,0.8220000000000001,0.7989304329675866,0.8450695670324135,0.7564078030098099,0.7458856579372648,0.766929948082355,0.8749237288135593,0.8734580757167584,0.8763893819103602
