Model Subfolder,Task,Embedding Type,Variant,CI_Mode,CI_Alpha,Accuracy_mean,Accuracy_ci_low,Accuracy_ci_high,Precision_mean,Precision_ci_low,Precision_ci_high,Recall_mean,Recall_ci_low,Recall_ci_high,F1_mean,F1_ci_low,F1_ci_high,ROC_AUC_mean,ROC_AUC_ci_low,ROC_AUC_ci_high
prot_bert_bfd,TM,Baseline,baseline,normal,0.05,0.958513931888545,0.9562505234855154,0.9607773402915745,0.842594560236978,0.8213959407353847,0.8637931797385713,0.8739130434782609,0.8555125716120944,0.8923135153444275,0.8572343453804754,0.8512165618093727,0.8632521289515781,0.9809164573850259,0.9793183604645292,0.9825145543055225
