Accuracy_mean,Accuracy_ci_low,Accuracy_ci_high,F1_mean,F1_ci_low,F1_ci_high,ROC_AUC_mean,ROC_AUC_ci_low,ROC_AUC_ci_high,Precision_mean,Precision_ci_low,Precision_ci_high,Recall_mean,Recall_ci_low,Recall_ci_high
0.7052928722653493,0.7021972579498439,0.7083884865808547,0.5137651913971646,0.5060421733127795,0.5214882094815497,0.7382398646697466,0.7367572592497893,0.7397224700897038,0.6351015076410209,0.6293707153871553,0.6408322998948865,0.4314760508308895,0.42195519527666403,0.440996906385115
